time,latitude,longitude,depth,mag,magType,nst,gap,dmin,rms,net,id,updated,place,type,horizontalError,depthError,magError,magNst,status,locationSource,magSource
2016-07-01T05:39:58.300Z,33.5263,131.7613,78.9,4.9,mb,,54,0.841,0.86,us,us10005z0q,2016-09-02T21:36:32.040Z,"17 km NE of Kitsuki, Japan",earthquake,6,6,0.065,73,reviewed,us,us
2016-06-18T11:46:55.880Z,32.677,130.584,9.43,4.8,mb,,85,1.169,0.63,us,us2000658i,2022-08-03T02:11:49.069Z,"7 km W of Uto, Japan",earthquake,5.2,4.2,0.054,105,reviewed,us,us
2016-06-12T13:08:15.690Z,32.3762,130.5085,10,4.5,mb,,72,0.808,0.77,us,us200063y7,2016-08-25T01:22:52.040Z,"Kyushu, Japan",earthquake,3.9,1.6,0.068,64,reviewed,us,us
2016-05-16T08:50:19.080Z,31.7178,131.7961,31.04,4.8,mwr,,38,1.164,0.87,us,us10005hpv,2022-08-02T22:49:59.334Z,"42 km ESE of Miyazaki, Japan",earthquake,4.7,4.8,0.093,11,reviewed,us,us
2016-05-12T16:03:18.140Z,32.7069,130.5734,8.33,4.5,mb,,101,0.488,0.77,us,us10005gtv,2016-07-20T18:10:54.040Z,"9 km WNW of Uto, Japan",earthquake,3.9,5.2,0.124,19,reviewed,us,us
2016-05-05T01:40:14.350Z,33.001,131.05,13.65,4.6,mwr,,89,0.191,0.78,us,us10005dy4,2016-07-19T20:03:13.040Z,"7 km NNW of Aso, Japan",earthquake,4.7,3.6,0.08,15,reviewed,us,us
2016-05-05T01:31:32.150Z,32.9914,130.9774,16.83,4.6,mb,,104,0.157,0.92,us,us10005dy2,2016-07-19T20:03:13.040Z,"11 km WNW of Aso, Japan",earthquake,5,4.1,0.09,37,reviewed,us,us
2016-04-28T06:30:52.390Z,32.7625,130.4733,10,4.9,mb,,85,0.495,0.73,us,us10005c3n,2016-07-08T02:49:26.040Z,"10 km ESE of Shimabara, Japan",earthquake,5,1.8,0.05,123,reviewed,us,us
2016-04-20T20:16:52.830Z,33.2495,131.4328,8.02,4.5,mb,,130,0.482,0.56,us,us20005k9h,2016-06-27T23:02:29.040Z,"6 km WSW of Beppu, Japan",earthquake,4.8,6.3,0.156,12,reviewed,us,us
2016-04-19T11:47:04.690Z,32.6339,130.5398,10,4.8,mwr,,54,0.565,0.74,us,us20005jsc,2016-06-27T23:02:17.040Z,"12 km W of Matsubase, Japan",earthquake,5.2,1.9,0.08,15,reviewed,us,us
2016-04-19T08:52:14.800Z,32.5574,130.6136,5.4,5.3,mww,,32,0.607,0.89,us,us20005jr8,2022-05-03T19:34:40.975Z,"6 km NNE of Honmachi, Japan",earthquake,4.9,3.9,,,reviewed,us,us
2016-04-19T03:52:13.670Z,32.762,130.6892,7.03,4.5,mb,,101,0.394,0.38,us,us10005dpq,2016-06-27T23:02:13.040Z,"4 km S of Kumamoto, Japan",earthquake,3,6.2,0.271,4,reviewed,us,us
2016-04-18T11:42:00.220Z,33.0143,131.0991,10.46,5.5,mww,,52,0.217,0.91,us,us20005jgz,2022-05-03T17:44:38.672Z,"8 km NNE of Aso, Japan",earthquake,5.9,3.2,,,reviewed,us,us
2016-04-17T23:35:43.590Z,32.8492,130.7121,10,4.6,mb,,91,0.307,0.64,us,us20005jbh,2016-06-27T23:02:03.040Z,"5 km NNE of Kumamoto, Japan",earthquake,3.9,1.8,0.062,78,reviewed,us,us
2016-04-17T10:23:41.130Z,32.6991,130.5764,3.47,4.7,mb,,95,0.494,0.77,us,us20005j6z,2022-08-02T18:48:45.042Z,"8 km WNW of Uto, Japan",earthquake,5.2,3.8,0.062,79,reviewed,us,us
2016-04-16T19:46:49.290Z,32.6555,130.677,4.51,4.6,mb,,86,0.497,0.75,us,us20005j23,2016-06-27T23:01:52.040Z,"1 km ENE of Matsubase, Japan",earthquake,4.4,4.3,0.065,71,reviewed,us,us
2016-04-16T15:14:52.990Z,32.9386,130.9457,10,4.7,mb,,99,0.194,0.98,us,us20005j0z,2016-06-27T23:01:51.040Z,"9 km NE of ?zu, Japan",earthquake,3.1,1.9,0.091,37,reviewed,us,us
2016-04-16T13:05:58.860Z,32.8815,130.7501,10,4.5,mb,,110,0.265,0.78,us,us20005j01,2016-06-27T23:01:50.040Z,"6 km ESE of Uekimachi-m?no, Japan",earthquake,4.9,1.9,0.27,4,reviewed,us,us
2016-04-16T12:05:06.020Z,32.733,130.6863,9.9,4.5,mb,,95,0.422,0.88,us,us20005izm,2022-08-02T18:42:02.442Z,"5 km NNE of Uto, Japan",earthquake,2.9,4.8,0.098,31,reviewed,us,us
2016-04-16T08:40:20.280Z,32.7657,130.5546,3.34,4.7,mb,,105,0.449,0.79,us,us20005iyx,2016-06-27T23:01:49.040Z,"13 km WSW of Kumamoto, Japan",earthquake,4.3,5,0.106,27,reviewed,us,us
2016-04-16T07:02:01.850Z,32.7232,130.6626,9.12,5.1,mww,,32,0.439,0.61,us,us20005iye,2022-08-02T18:41:04.853Z,"4 km N of Uto, Japan",earthquake,5.2,3.9,,,reviewed,us,us
2016-04-16T05:27:05.580Z,32.6704,130.6829,10,4.6,mb,,91,0.481,1.1,us,us20005ixz,2016-06-27T23:01:48.040Z,"2 km SE of Uto, Japan",earthquake,3.2,1.9,0.094,34,reviewed,us,us
2016-04-16T05:03:57.930Z,32.9995,131.1284,9.24,4.6,mb,,59,0.245,0.67,us,us20005ixw,2022-08-02T18:40:04.656Z,"8 km NNE of Aso, Japan",earthquake,3.2,4.8,0.102,29,reviewed,us,us
2016-04-16T02:02:51.200Z,32.7316,130.6831,5.69,4.8,mb,,85,0.424,0.66,us,us20005iwz,2022-08-02T18:38:07.671Z,"5 km NNE of Uto, Japan",earthquake,4.8,4.1,0.052,113,reviewed,us,us
2016-04-16T00:48:32.810Z,32.8404,130.7768,9.07,5.2,mww,,55,0.296,0.79,us,us20005iwc,2022-08-02T18:37:05.790Z,"8 km ENE of Kumamoto, Japan",earthquake,4.4,3.3,,,reviewed,us,us
2016-04-15T23:20:42.030Z,32.6489,130.6516,10,4.5,mwr,,86,0.511,0.79,us,us20005iut,2022-08-02T18:35:07.282Z,"1 km W of Matsubase, Japan",earthquake,4.5,0.8,0.086,13,reviewed,us,us
2016-04-15T23:08:51.490Z,32.8526,130.7623,10,4.6,mb,,106,0.288,0.8,us,us20005iul,2016-06-27T23:01:45.040Z,"8 km NE of Kumamoto, Japan",earthquake,5.3,1.9,0.102,29,reviewed,us,us
2016-04-15T22:23:55.040Z,32.7537,130.7439,10,4.6,mwr,,61,0.386,0.7,us,us20005iu7,2016-06-27T23:01:45.040Z,"7 km SE of Kumamoto, Japan",earthquake,4.1,1.8,0.08,15,reviewed,us,us
2016-04-15T22:11:40.270Z,33.2528,131.3738,10,5.1,mwr,,47,0.435,0.61,us,us20005iu4,2022-08-02T18:33:15.261Z,"11 km WSW of Beppu, Japan",earthquake,4.1,1.8,0.08,15,reviewed,us,us
2016-04-15T21:40:01.520Z,32.9476,130.9111,10,4.5,mwr,,104,0.179,0.82,us,us20005itt,2016-06-27T23:01:44.040Z,"8 km NNE of ?zu, Japan",earthquake,3.4,1.8,0.08,15,reviewed,us,us
2016-04-15T20:34:13.850Z,32.5936,130.5146,10,4.5,mb,,99,0.611,0.87,us,us20005it7,2016-06-27T23:01:43.040Z,"12 km NW of Honmachi, Japan",earthquake,2.8,1.9,0.098,31,reviewed,us,us
2016-04-15T19:51:24.040Z,32.7106,130.7408,4.05,4.7,mb,,91,0.428,0.76,us,us20005iqi,2016-06-27T23:01:43.040Z,"7 km ENE of Uto, Japan",earthquake,2.6,5,0.093,37,reviewed,us,us
2016-04-15T19:24:27.770Z,32.9695,130.9231,13.19,4.6,mb,,81,0.16,1.16,us,us20005kzw,2016-06-27T23:01:42.040Z,"10 km E of Kikuchi, Japan",earthquake,5.2,4.5,0.075,53,reviewed,us,us
2016-04-15T19:05:49.150Z,32.7884,130.7323,8.78,4.5,mb,,100,0.357,0.73,us,us20005kze,2016-06-27T23:01:42.040Z,"4 km ESE of Kumamoto, Japan",earthquake,4.9,4.7,0.093,34,reviewed,us,us
2016-04-15T19:01:58.950Z,33.0808,131.1656,10,4.6,mb,,107,0.246,1.28,us,us20005l03,2016-06-27T23:01:42.040Z,"17 km NNE of Aso, Japan",earthquake,3.9,1.8,0.194,9,reviewed,us,us
2016-04-15T18:55:53.500Z,33.0051,131.1569,13.22,5.5,mwr,,19,0.263,0.87,us,us20005inz,2022-08-02T18:32:15.534Z,"10 km NE of Aso, Japan",earthquake,4.7,3.2,0.098,10,reviewed,us,us
2016-04-15T18:20:49.930Z,33.0919,131.0131,19.81,4.5,mb,,102,0.119,0.74,us,us20005inf,2016-06-27T23:01:41.040Z,"18 km NNW of Aso, Japan",earthquake,5.4,4,0.127,18,reviewed,us,us
2016-04-15T18:16:42.610Z,33.0883,130.8645,18.99,4.5,mb,,45,0.038,1.01,us,us20005in9,2022-08-02T18:32:02.904Z,"12 km NNE of Kikuchi, Japan",earthquake,3.8,3.5,0.079,47,reviewed,us,us
2016-04-15T18:03:10.940Z,32.9196,131.0212,4.35,5.4,mwr,,32,0.238,0.61,us,us20005imz,2022-08-02T18:31:01.229Z,"5 km WSW of Aso, Japan",earthquake,5,3.5,0.089,12,reviewed,us,us
2016-04-15T17:49:18.090Z,33.209,131.3317,10,4.5,mb,,101,0.39,0.71,us,us20005imv,2016-06-27T23:01:40.040Z,"17 km WSW of Beppu, Japan",earthquake,4.9,1.4,0.113,26,reviewed,us,us
2016-04-15T17:04:11.230Z,32.7415,130.7325,9.24,4.6,mb,,85,0.401,0.92,us,us20005il9,2016-06-27T23:01:39.040Z,"Kyushu, Japan",earthquake,4.9,4.7,0.069,63,reviewed,us,us
2016-04-15T16:45:56.680Z,32.9241,130.8091,10,5.7,mww,,61,0.208,1.23,us,us20005ija,2022-05-03T18:12:16.372Z,"6 km S of Kikuchi, Japan",earthquake,5.4,0.9,,,reviewed,us,us
2016-04-15T16:44:06.860Z,32.7091,130.7194,10,5.3,mb,,51,0.435,0.88,us,us20005ij8,2022-03-09T23:21:21.829Z,"5 km ENE of Uto, Japan",earthquake,4.8,1.8,0.063,85,reviewed,us,us
2016-04-15T16:43:07.560Z,32.6976,130.8055,10,5.2,mb,,109,0.43,1.31,us,us20005kz9,2016-06-27T23:01:39.040Z,"13 km E of Uto, Japan",earthquake,6.5,1.9,0.191,9,reviewed,us,us
2016-04-15T16:38:21.450Z,32.6729,130.7928,10,4.8,mb,,85,0.456,0.9,us,us20005kzq,2016-06-27T23:01:39.040Z,"11 km E of Uto, Japan",earthquake,6.8,1.9,0.081,47,reviewed,us,us
2016-04-15T16:33:20.400Z,32.7665,130.8229,10,5.3,mb,,68,0.36,0.87,us,us20005kzp,2016-06-27T23:01:38.040Z,"13 km ESE of Kumamoto, Japan",earthquake,7.7,1.9,0.081,51,reviewed,us,us
2016-04-15T16:30:46.470Z,32.8598,131.8011,10,5.1,mb,,124,0.82,0.92,us,us20005l06,2016-06-27T23:01:38.040Z,"13 km SW of Saiki, Japan",earthquake,6.2,1.9,0.216,7,reviewed,us,us
2016-04-15T16:25:06.220Z,32.7906,130.7543,10,7,mww,,32,0.349,0.85,us,us20005iis,2025-12-23T23:52:26.947Z,"6 km ESE of Kumamoto, Japan",earthquake,4.9,1.7,,,reviewed,us,us
